{"cameraMode":{"drawMode":0,"name":"Shaded","section":"Shading Mode"},"sceneLighting":true,"audioPlay":false,"sceneViewState":{"m_AlwaysRefresh":false,"showFog":true,"showSkybox":true,"showFlares":true,"showImageEffects":true,"showParticleSystems":true,"showVisualEffectGraphs":true,"m_FxEnabled":true},"in2DMode":false,"pivot":{"x":-2.0771687030792238,"y":0.9879037737846375,"z":-0.036028385162353519},"rotation":{"x":-0.007426016498357058,"y":0.9773746132850647,"z":0.034903332591056827,"w":0.20862655341625215},"size":2.666025161743164,"orthographic":false}